Nx,Ny,n_files,a,b
800,800,21,10.000000,10.000000